country,iso_code,continent,latest_date,country_key,total_cases_latest,total_deaths_latest,total_cases_per_million_latest,total_deaths_per_million_latest,population_latest,gdp_per_capita_latest,median_age_latest,life_expectancy_latest,hospital_beds_per_thousand_latest,human_development_index_latest,people_vaccinated_per_hundred_latest,people_fully_vaccinated_per_hundred_latest,new_cases_7d_avg_latest,new_deaths_7d_avg_latest,happiness_score,happiness_gdp_component,happiness_health_component,happiness_social_support,happiness_freedom,happiness_corruption_trust,happiness_generosity,last_happiness_data_year,population_2020_reference,cases_per_100k_latest,deaths_per_100k_latest
Afghanistan,AFG,Asia,2021-07-20,afghanistan,142414.0,6266.0,3658.363,160.962,38928341.0,1803.987,18.6,64.83,0.5,0.511,2.08,0.56,28.481,1.743,3.512799982070922,0.35711344353485097,0.2547073557691574,0.40975266527557375,0.117923904097557,0.058093566011905684,0.2677301865158082,2019.0,39074280.0,365.8363,16.0962
Albania,ALB,Europe,2021-07-20,albania,132740.0,2456.0,46125.513,853.43,2877800.0,11803.431,38.0,78.57,2.89,0.795,21.18,16.43,6.552571428571428,0.0,4.712600010681152,0.9386325506629944,0.7876959493293763,0.7549310495796204,0.3718977269630432,0.04320084319996834,0.16788658885860439,2019.0,2877239.0,4612.5513,85.34299999999999
Algeria,DZA,Africa,2021-07-20,algeria,155784.0,3979.0,3552.572,90.739,43851043.0,13913.839,29.1,76.88,1.9,0.748,5.7,,25.739714285714285,0.3648571428571428,5.667600043487548,1.012962893333436,0.6650569291496276,1.07420549308014,0.17843716158390038,0.14609922206878662,0.06921932939958572,2019.0,43984569.0,355.2572,9.0739
Andorra,AND,Europe,2021-07-20,andorra,14379.0,127.0,186099.786,1643.694,77265.0,,,83.73,,0.868,55.66,34.96,391.9718571428571,0.0,,,,,,,,,77287.0,18609.9786,164.36939999999998
Angola,AGO,Africa,2021-07-20,angola,41061.0,970.0,1249.336,29.514,32866268.0,5819.495,16.8,61.15,,0.581,2.92,1.93,4.0120000000000005,0.12585714285714286,3.872250019073488,0.7983795450544358,0.13390216640889646,0.9383679899120325,0.027432500000000002,0.07157008382618428,0.10526912250220774,2018.0,33032075.0,124.9336,2.9514
Anguilla,AIA,North America,2021-07-16,anguilla,,,,,15002.0,,,81.88,,,62.41,56.29,,,,,,,,,,,15026.0,,
Antigua and Barbuda,ATG,North America,2021-07-20,antigua and barbuda,1275.0,42.0,13019.77,428.887,97928.0,21490.943,32.1,77.02,3.8,0.778,38.11,29.42,13.129285714285714,0.0,,,,,,,,,98069.0,1301.977,42.8887
Argentina,ARG,South America,2021-07-20,argentina,4784219.0,102381.0,105855.443,2265.278,45195777.0,18933.907,31.9,76.67,5.0,0.845,49.43,12.13,320.0647142857143,8.663857142857143,6.459399995422364,1.111035092521668,0.7608954167060852,1.330960229034424,0.4816198407802582,0.0643079775428772,0.092371412138939,2019.0,45267449.0,10585.5443,226.52779999999998
Armenia,ARM,Asia,2021-07-20,armenia,227716.0,4572.0,76847.12,1542.909,2963234.0,8787.58,35.7,75.09,4.2,0.776,3.19,1.23,53.947,1.1085714285714288,4.3931999855041495,0.8391333475723265,0.6978508851966858,0.890872744155884,0.2160286534719468,0.03876688430082798,0.08239361836528777,2019.0,2964219.0,7684.7119999999995,154.29090000000002
Aruba,ABW,North America,2021-07-20,aruba,,,,,106766.0,35973.781,41.2,76.29,,,66.89,59.11,,,,,,,,,,,106845.0,,
Australia,AUS,Oceania,2021-07-20,australia,32266.0,915.0,1265.339,35.883,25499881.0,44648.71,37.9,83.44,3.84,0.944,28.98,11.4,4.689,0.016714285714285713,7.276199983978271,1.3948849870224,0.9145293585319519,1.4090063904266361,0.6050434764595032,0.3145727460727692,0.4160778499965668,2019.0,25550683.0,126.53389999999999,3.5883000000000003
Austria,AUT,Europe,2021-07-20,austria,654314.0,10729.0,72649.893,1191.264,9006400.0,45436.686,44.4,81.54,7.37,0.922,57.4,45.78,36.355,0.07928571428571429,7.142000008392334,1.398341452667236,0.8836796838417055,1.36396299269104,0.576929237915039,0.21426007308769218,0.29240046434974676,2019.0,9015361.0,7264.989299999999,119.12639999999999
Azerbaijan,AZE,Asia,2021-07-20,azerbaijan,338837.0,4994.0,33418.597,492.545,10139175.0,15847.419,32.4,73.0,4.7,0.756,25.56,17.68,19.457857142857144,0.08457142857142859,5.22920004119873,1.0736443531265258,0.6196531551818848,1.03175005104065,0.38054516765022284,0.1757555014209748,0.04913186805534362,2019.0,10154978.0,3341.8597,49.2545
Bahamas,BHS,North America,2021-07-20,bahamas,13604.0,274.0,34593.946,696.761,393248.0,27717.847,34.3,73.92,2.9,0.814,15.36,10.01,134.775,7.265571428571428,,,,,,,,,393893.0,3459.3946000000005,69.67609999999999
Bahrain,BHR,Asia,2021-07-20,bahrain,268027.0,1380.0,157516.266,811.01,1701583.0,43290.705,32.4,77.29,2.0,0.852,64.49,60.86,52.639857142857146,0.16799999999999998,6.1137999786376955,1.390482452201844,0.7252506069412232,1.24346409224701,0.5190833838310243,0.21075243391418458,0.2031516973667144,2019.0,1711057.0,15751.6266,81.101
Bangladesh,BGD,Asia,2021-07-20,bangladesh,1128889.0,18325.0,6854.656,111.27,164689383.0,3523.984,27.5,72.59,0.8,0.632,3.54,2.6,70.89885714285715,1.2862857142857145,4.580199960327148,0.5239965950584412,0.5933542067108154,0.6383363481140136,0.47826733188247683,0.1324475718774796,0.17895907042789458,2019.0,164972348.0,685.4656,11.126999999999999
Barbados,BRB,North America,2021-07-20,barbados,4292.0,48.0,14935.397,167.031,287371.0,16978.068,39.8,79.19,5.8,0.814,34.2,25.57,47.723285714285716,0.0,,,,,,,,,287437.0,1493.5397,16.7031
Belarus,BLR,Europe,2021-07-20,belarus,435620.0,3344.0,46100.667,353.888,9449321.0,17167.967,40.3,74.79,11.0,0.823,7.42,3.94,97.34642857142856,1.0278571428571428,5.597999953460694,1.085019511993408,0.6987668533554079,1.3381530432357782,0.3015380523757934,0.1635567643346786,0.120003501821518,2019.0,9448772.0,4610.0667,35.388799999999996
Belgium,BEL,Europe,2021-07-20,belgium,1108675.0,25213.0,95661.064,2175.482,11589616.0,42658.576,41.8,81.63,5.64,0.931,67.37,49.21,127.49099999999999,0.07385714285714284,6.92139995880127,1.375398152153016,0.8828703738708497,1.357492539672852,0.5387621444778442,0.23784462621307378,0.20888066752433782,2019.0,11598451.0,9566.1064,217.5482
Belize,BLZ,North America,2021-07-20,belize,13816.0,332.0,34746.656,834.966,397621.0,7824.362,25.0,74.62,1.3,0.716,28.98,10.85,82.27499999999999,0.3592857142857143,5.955999950408938,0.8637117720158893,0.4599605886745453,0.9563225996653233,0.5509397907447814,0.09776369053840638,0.2199518802849453,2018.0,398845.0,3474.6656000000003,83.4966
Benin,BEN,Africa,2021-07-20,benin,8244.0,107.0,680.019,8.826,12123198.0,2064.236,18.8,61.77,0.5,0.545,0.33,0.1,0.20028571428571426,0.023571428571428573,3.90100001296997,0.3767450815467834,0.2752620422611236,0.3404699687099456,0.4193865551891326,0.07136780305576325,0.186069692234993,2019.0,12175480.0,68.0019,0.8826
Bermuda,BMU,North America,2021-07-16,bermuda,,,,,62273.0,50669.315,,82.59,,,66.65,65.11,,,,,,,,,,,62237.0,,
Bhutan,BTN,Asia,2021-07-20,bhutan,2455.0,2.0,3181.651,2.592,771612.0,8708.597,28.6,71.78,1.7,0.654,62.92,0.2,24.253571428571433,0.18514285714285714,5.124800031280517,0.8235072777023316,0.5397078584976196,1.201687302886962,0.49846753612518324,0.1654860779619216,0.4346989090328216,2019.0,773069.0,318.1651,0.2592
Bolivia,BOL,South America,2021-07-20,bolivia,463125.0,17475.0,39674.792,1497.041,11673029.0,6885.829,25.4,71.51,1.1,0.718,19.89,6.82,77.22314285714286,2.3007142857142857,5.813199990844725,0.7672613132095336,0.5393060499000549,1.095163810386658,0.5518965853691101,0.06878754523229598,0.18518014494705198,2019.0,11700207.0,3967.4792,149.70409999999998
Bonaire Sint Eustatius and Saba,BES,North America,2021-04-09,bonaire sint eustatius and saba,,,,,26221.0,,,77.79,,,21.84,6.35,,,,,,,,,,,,,
Bosnia and Herzegovina,BIH,Europe,2021-07-20,bosnia and herzegovina,205340.0,9669.0,62588.107,2947.134,3280815.0,11713.895,42.5,77.4,3.5,0.78,9.34,4.99,5.486285714285714,0.2612857142857143,5.161800032043457,0.9216938835258484,0.7613312614860533,0.9844331875,0.17679263538074502,0.0016539999999999999,0.2709674990119934,2019.0,3277152.0,6258.8107,294.7134
Botswana,BWA,Africa,2021-07-20,botswana,91902.0,1328.0,39080.21,564.716,2351625.0,15807.374,25.8,69.59,1.8,0.735,8.28,4.94,713.7312857142858,4.5561428571428575,3.830000006484986,1.053580830871582,0.3384071018753052,1.107410998916626,0.4906072665863038,0.10460263981676102,0.07904168964338301,2019.0,2359585.0,3908.0209999999997,56.4716
Brazil,BRA,South America,2021-07-20,brazil,19419437.0,544180.0,91360.044,2560.131,212559409.0,14103.452,33.5,75.88,2.2,0.765,44.97,16.54,179.74385714285717,5.606571428571429,6.6578000457763675,1.033226642089844,0.6809444705810546,1.323311200904846,0.4430387493591308,0.1203925522317886,0.13496997892856602,2019.0,212821986.0,9136.0044,256.0131
British Virgin Islands,VGB,North America,2021-07-16,british virgin islands,,,,,30237.0,,,79.07,,,46.3,33.45,,,,,,,,,,,30266.0,,
Brunei,BRN,Asia,2021-07-20,brunei,305.0,3.0,697.17,6.857,437483.0,71809.251,32.4,75.86,2.7,0.838,25.99,4.75,7.510571428571429,0.0,,,,,,,,,438202.0,69.717,0.6857
Bulgaria,BGR,Europe,2021-07-20,bulgaria,423223.0,18184.0,60909.024,2616.988,6948445.0,18563.307,44.7,75.05,7.454,0.816,15.09,12.68,12.417999999999997,0.617,4.618600045013428,1.0865358176651,0.7359535360908508,1.2987878916854858,0.2954583435173034,0.007784306189954281,0.1010635388760566,2019.0,6939018.0,6090.9024,261.6988
Burkina Faso,BFA,Africa,2021-07-20,burkina faso,13537.0,169.0,647.602,8.085,20903278.0,1703.102,17.6,61.58,0.4,0.452,0.15,0.02,0.09571428571428571,0.006857142857142858,4.07380001296997,0.31465954271698,0.2668128517332078,0.9357400010910041,0.3239995702037812,0.1229956211972236,0.2127729369163514,2019.0,20997293.0,64.7602,0.8085000000000001
Burundi,BDI,Africa,2021-07-20,burundi,5942.0,8.0,499.715,0.673,11890781.0,702.225,17.5,61.58,0.8,0.433,,,2.8354285714285714,0.0,3.078999994277954,0.062446513733387,0.21160815833663937,0.4708167168693542,0.10132015064001085,0.10699158900928499,0.18592103691959377,2019.0,11948454.0,49.9715,0.0673
Cambodia,KHM,Asia,2021-07-20,cambodia,68796.0,1149.0,4114.847,68.724,16718971.0,3645.07,25.6,69.82,0.8,0.594,37.1,25.1,52.087857142857146,1.674714285714286,4.205400044250488,0.5482370192375183,0.5119726807746888,0.876219668266296,0.6378711646995544,0.06969919019031524,0.3361805936775208,2019.0,16758448.0,411.4847,6.872400000000001
Cameroon,CMR,Africa,2021-07-20,cameroon,81467.0,1330.0,3068.915,50.102,26545864.0,3364.926,18.8,59.29,1.3,0.563,1.0,0.18,3.277285714285714,0.032285714285714286,4.695800034332276,0.5191550730171205,0.20137842338085182,0.8520216437988282,0.43716774972915645,0.05008532628321648,0.20785569135761262,2019.0,26655083.0,306.8915,5.010199999999999
Canada,CAN,North America,2021-07-20,canada,1431691.0,26468.0,37933.471,701.285,37742157.0,44017.591,41.4,82.43,2.5,0.929,70.42,51.5,10.075714285714286,0.20414285714285713,7.350599996948242,1.388128883255004,0.90055753049469,1.3874117982788081,0.6109541824188233,0.3058463032455444,0.3895979444885254,2019.0,37799407.0,3793.3471,70.1285
Cape Verde,CPV,Africa,2021-07-20,cabo verde,33356.0,296.0,59994.101,532.386,555988.0,6222.554,25.7,72.98,2.1,0.665,21.17,2.75,77.85357142857143,1.5417142857142856,,,,,,,,,557026.0,5999.4101,53.2386
Cayman Islands,CYM,North America,2021-07-19,cayman islands,,,,,65720.0,49903.029,,83.92,,,75.04,71.16,,,,,,,,,,,65854.0,,
Central African Republic,CAF,Africa,2021-07-20,central african republic,7147.0,98.0,1479.782,20.291,4829764.0,661.24,18.3,53.28,1.0,0.397,1.77,0.14,0.14785714285714285,0.0,3.1342500195503225,0.032125,0.05019067147508262,0.0,0.3224080113863945,0.053113769028186805,0.24305662187337876,2019.0,4843954.0,147.9782,2.0291
Chad,TCD,Africa,2021-07-20,chad,4965.0,174.0,302.267,10.593,16425859.0,1768.153,16.7,54.24,,0.398,0.11,0.04,0.09571428571428571,0.0,4.003400021743774,0.3820165974750518,0.09489494301605225,0.8038511744308472,0.177684405365944,0.058758376453638086,0.1931287700948716,2019.0,16502877.0,30.2267,1.0593
Chile,CHL,South America,2021-07-20,chile,1601858.0,34569.0,83795.799,1808.361,19116209.0,22767.037,35.4,80.18,2.11,0.851,70.75,61.38,81.98728571428572,4.132571428571429,6.5893999900817875,1.173326921958924,0.8449759407806396,1.202872990768432,0.39682105573844895,0.08849759642124176,0.2720484842453002,2019.0,19144605.0,8379.5799,180.83610000000002
China,CHN,Asia,2021-07-20,china,92397.0,4636.0,64.195,3.221,1439323774.0,15308.712,38.7,76.91,4.34,0.761,43.21,15.51,0.022142857142857138,0.0,5.218999952697755,1.003417158111572,0.7971211001281737,1.033679482376098,0.5095755416088104,0.056210854922652244,0.04944936820018292,2019.0,1440297825.0,6.419499999999999,0.3221
Colombia,COL,South America,2021-07-20,colombia,4668750.0,117131.0,91754.823,2301.973,50882884.0,13254.949,32.2,77.29,1.71,0.767,29.64,20.32,338.61528571428573,9.242428571428572,6.339999974822998,0.9929104649887079,0.6716775847167968,1.30261058733368,0.49209948301506046,0.04497174837040902,0.13745689459228522,2019.0,50976248.0,9175.4823,230.19729999999998
Comoros,COM,Africa,2021-07-20,comoros,4011.0,147.0,4612.492,169.044,869595.0,1413.89,20.4,64.32,2.2,0.554,4.96,4.74,2.4642857142857144,0.16428571428571428,3.9616666666666664,0.26271666666666665,0.38931999999999994,0.7176533333333334,0.17509666666666668,0.15379,0.21070333333333335,2019.0,872695.0,461.24920000000003,16.904400000000003
Congo,COG,Africa,2021-07-20,congo,13050.0,176.0,2364.948,31.895,5518092.0,4881.406,19.0,64.57,,0.574,2.97,,6.731142857142857,0.23285714285714285,4.377399977874756,0.7227428504943848,0.346717486787796,0.7165868726043703,0.42301317416000356,0.0928016267209053,0.11230042553424839,2019.0,5540555.0,236.4948,3.1895
Cook Islands,COK,Oceania,2021-07-20,cook islands,,,,,17564.0,,,76.25,,,62.24,54.53,,,,,,,,,,,17567.0,,
Costa Rica,CRI,North America,2021-07-20,costa rica,394135.0,4915.0,77370.667,964.839,5094114.0,15524.995,33.6,80.28,1.13,0.81,38.92,16.3,254.243,2.411857142857143,7.126199999237061,1.035655256523132,0.8322478530845642,1.3151607302474981,0.5912283299942016,0.10108131789922721,0.1964226458072662,2019.0,5102158.0,7737.0667,96.4839
Cote d'Ivoire,CIV,Africa,2021-07-20,cote d'ivoire,49288.0,322.0,1868.507,12.207,26378275.0,3601.006,18.7,57.78,,0.538,3.41,,2.085142857142857,0.016285714285714285,4.2731999656677235,0.5466917841262818,0.11145043393683433,0.7863380060501098,0.4283992385463714,0.1315163550891876,0.181253493982315,2019.0,,186.85070000000002,1.2207000000000001
Croatia,HRV,Europe,2021-07-20,croatia,361759.0,8243.0,88120.678,2007.908,4105268.0,22669.797,44.0,78.49,5.54,0.851,38.95,32.88,29.056714285714285,0.4175714285714286,5.458600044250488,1.152317246681214,0.769115704257965,0.959862601486206,0.2859344585227966,0.03368462200903892,0.1451565952358246,2019.0,4100719.0,8812.0678,200.7908
Cuba,CUB,North America,2021-07-20,cuba,294449.0,2019.0,25996.202,178.253,11326616.0,,43.1,78.8,5.2,0.783,29.73,18.62,553.9671428571429,5.183857142857143,,,,,,,,,11325391.0,2599.6202000000003,17.8253
Curacao,CUW,North America,2021-07-20,curacao,,,,,164100.0,,41.7,78.88,,,55.59,49.39,,,,,,,,,,,,,
Cyprus,CYP,Europe,2021-07-20,cyprus,93247.0,391.0,105007.292,440.313,888005.0,32415.132,37.3,80.98,3.4,0.887,56.89,48.3,1136.0938571428571,1.4478571428571427,5.732799962615966,1.274927615394592,0.913614940235138,1.0291026545333861,0.3771803078727722,0.04619559528040886,0.24973886021423342,2019.0,1208886.0,10500.7292,44.0313
Czechia,CZE,Europe,2021-07-20,czechia,1671372.0,30341.0,156071.978,2833.229,10708982.0,32605.906,43.3,79.38,6.63,0.9,50.75,40.82,21.703857142857146,0.10671428571428573,6.654600041198731,1.268562470413208,0.8274068006210328,1.32484904334259,0.4737532347335816,0.03465058541989326,0.08085135177850725,2019.0,,15607.1978,283.3229
Democratic Republic of Congo,COD,Africa,2021-07-20,democratic republic of congo,46725.0,1018.0,521.709,11.367,89561404.0,808.133,17.0,60.68,,0.48,0.09,0.0,3.5300000000000002,0.054285714285714284,4.346400041961671,0.06234246976089478,0.2076934049720764,1.0595966913146981,0.23980626956367498,0.0604482712984085,0.23167516666316978,2019.0,,52.170899999999996,1.1367
Denmark,DNK,Europe,2021-07-20,denmark,308788.0,2543.0,53310.977,439.038,5792203.0,46682.515,42.3,80.9,2.5,0.94,68.29,46.78,165.4192857142857,0.07414285714285714,7.5459999671936036,1.396728602554322,0.8652491049156188,1.4476883185043339,0.6259593444900512,0.42937401363372796,0.3188760977458954,2019.0,5795780.0,5331.0977,43.903800000000004
Djibouti,DJI,Africa,2021-07-20,djibouti,11628.0,155.0,11769.207,156.882,988002.0,2705.406,25.4,67.11,1.4,0.524,1.27,0.89,1.0121428571428572,0.0,4.369,0.44025,0.36291,0.59207,0.46074,0.28105,0.18093,2015.0,990447.0,1176.9207000000001,15.6882
Dominica,DMA,North America,2021-07-20,dominica,206.0,,2861.469,,71991.0,9673.367,,75.0,3.8,0.742,28.47,27.45,13.890571428571429,,,,,,,,,,72017.0,286.1469,
Dominican Republic,DOM,North America,2021-07-20,dominican republic,337975.0,3928.0,31155.788,362.098,10847904.0,14600.861,27.6,74.08,1.6,0.756,49.5,34.85,38.13771428571429,0.40828571428571436,5.199400003814698,0.9999227673034661,0.6425627490882875,1.282279341217042,0.545379966747284,0.1174010506386756,0.169933569946289,2019.0,10866667.0,3115.5788000000002,36.2098
Ecuador,ECU,South America,2021-07-20,ecuador,477946.0,30744.0,27089.745,1742.555,17643060.0,10581.936,28.1,77.01,1.5,0.759,37.14,10.86,57.19785714285714,72.161,5.991999979400633,0.927780079666138,0.7533032444725036,1.157387762741088,0.47952763971138,0.1416809294977188,0.12125249300479882,2019.0,17688599.0,2708.9745,174.2555
Egypt,EGY,Africa,2021-07-20,egypt,283813.0,16457.0,2773.388,160.816,102334403.0,10550.206,25.3,71.99,1.6,0.707,3.54,1.4,0.6881428571428572,0.06285714285714286,4.375200026702879,0.9246903614997863,0.5710934517440795,0.8613202784309388,0.23929203092575077,0.09111027309560779,0.1073202885570526,2019.0,102659126.0,277.3388,16.0816
El Salvador,SLV,North America,2021-07-20,el salvador,82852.0,2508.0,12773.579,386.667,6486201.0,7292.458,27.6,73.32,1.3,0.673,36.3,20.91,15.901857142857143,1.123142857142857,6.124199956512451,0.8296048991661072,0.6594777105560302,1.097989018310546,0.41992850593376163,0.09397419197845458,0.0863895970826149,2019.0,6491923.0,1277.3579,38.6667
Equatorial Guinea,GNQ,Africa,2021-07-20,equatorial guinea,8848.0,123.0,6306.554,87.67,1402985.0,22604.873,22.4,58.74,2.1,0.592,12.16,8.41,3.3601428571428573,0.10185714285714285,,,,,,,,,1410419.0,630.6554,8.767
Eritrea,ERI,Africa,2021-07-20,eritrea,6450.0,32.0,1818.732,9.023,3546427.0,1510.459,19.3,66.32,0.7,0.459,,,4.954571428571429,0.08057142857142856,,,,,,,,,3554797.0,181.8732,0.9023
Estonia,EST,Europe,2021-07-20,estonia,131963.0,1271.0,99479.171,958.132,1326539.0,29481.252,42.7,78.74,4.69,0.892,45.67,35.34,43.184285714285714,0.10771428571428572,5.637800012207032,1.2378518680343622,0.7521516632728577,1.363242219932556,0.47822428607749945,0.17105578444576258,0.09178416224098206,2019.0,1326693.0,9947.9171,95.8132
Eswatini,SWZ,Africa,2021-07-20,eswatini,21496.0,727.0,18528.415,626.636,1160164.0,7738.975,21.5,60.19,2.1,0.611,3.29,2.18,149.73242857142858,3.8174285714285716,4.5395,0.76153,0.03783,1.1109200000000001,0.30979,0.0828,0.128295,2019.0,1162233.0,1852.8415,62.663599999999995
Ethiopia,ETH,Africa,2021-07-20,ethiopia,277877.0,4359.0,2417.087,37.916,114963583.0,1729.927,19.8,66.6,0.3,0.485,1.87,,0.8264285714285714,0.014714285714285716,4.423200007629394,0.2933587690944672,0.41254794150924684,0.766209840751648,0.401274548488617,0.1467271427736282,0.2560241480293274,2019.0,115434444.0,241.7087,3.7916
Faeroe Islands,FRO,Europe,2021-07-20,faeroe islands,,,,,48865.0,,,80.67,,,69.61,54.76,,,,,,,,,,,48896.0,,
Falkland Islands,FLK,South America,2021-04-14,falkland islands,,,,,3483.0,,,81.44,,,75.57,50.96,,,,,,,,,,,3497.0,,
Fiji,FJI,Oceania,2021-07-20,fiji,19352.0,125.0,21587.517,139.44,896444.0,8702.975,28.6,67.44,2.3,0.743,43.85,8.77,1166.514,10.517857142857142,,,,,,,,,897573.0,2158.7517,13.943999999999999
Finland,FIN,Europe,2021-07-20,finland,100773.0,978.0,18187.715,176.511,5540718.0,40585.721,42.8,81.91,3.28,0.938,64.63,28.53,58.47614285714287,0.05157142857142856,7.537799972534179,1.3569603850326541,0.8738355339088439,1.43442934501648,0.6215361713371277,0.398474308588028,0.217782554517746,2019.0,5542237.0,1818.7715,17.6511
France,FRA,Europe,2021-07-20,france,5952339.0,111715.0,88098.942,1653.463,67564251.0,38605.671,42.0,82.66,5.98,0.901,55.97,42.14,146.72585714285714,0.24957142857142856,6.515199982452392,1.344116692382812,0.9162411703567503,1.31824737033081,0.4883904231033326,0.18320848565864561,0.11673646136188501,2019.0,65298930.0,8809.894199999999,165.34629999999999
French Polynesia,PYF,Oceania,2021-07-20,french polynesia,,,,,280904.0,,32.7,77.66,,,28.2,24.61,,,,,,,,,,,281191.0,,
Gabon,GAB,Africa,2021-07-20,gabon,25283.0,163.0,11359.429,73.234,2225728.0,16562.413,23.1,66.47,6.3,0.703,2.26,1.45,5.4557142857142855,0.06414285714285714,4.407800030517578,1.1019920478820802,0.42293971769714356,1.02631604346466,0.3126897154083252,0.07741935744047164,0.04988907566738128,2019.0,2234448.0,1135.9429,7.3233999999999995
Gambia,GMB,Africa,2021-07-20,gambia,6920.0,190.0,2863.451,78.621,2416664.0,1561.767,17.5,62.05,1.1,0.496,1.29,0.51,29.911428571428576,0.29557142857142854,4.516,0.308,0.428,0.939,0.382,0.167,0.269,2019.0,2427782.0,286.3451,7.8621
Georgia,GEO,Asia,2021-07-20,georgia,390945.0,5592.0,98001.466,1401.794,3989175.0,9745.079,38.7,73.77,2.6,0.812,4.4,2.86,403.6637142857143,4.046714285714286,4.3387999549865714,0.8538865328445434,0.6828313961715697,0.481344986793518,0.35215800712203976,0.26655532705497736,0.05166776308751105,2019.0,3987805.0,9800.1466,140.17940000000002
Germany,DEU,Europe,2021-07-20,germany,3754846.0,91423.0,44815.818,1091.176,83783945.0,45229.245,46.6,81.33,8.0,0.947,59.77,46.92,16.256142857142855,0.21842857142857144,6.92900004272461,1.395342676742554,0.8707361463508606,1.359526070281982,0.5585882768974304,0.2651343876247406,0.2913858340091706,2019.0,83830972.0,4481.5818,109.1176
Ghana,GHA,Africa,2021-07-20,ghana,99160.0,815.0,3191.201,26.229,31072945.0,4227.63,21.1,64.07,0.9,0.611,2.79,1.31,6.583714285714286,0.059857142857142866,4.536399977111816,0.6093749648857116,0.3633535453567504,0.7621469473495484,0.42723525870323176,0.03409727397441864,0.2313647887516022,2019.0,31181428.0,319.1201,2.6229
Gibraltar,GIB,Europe,2021-07-15,gibraltar,,,,,33691.0,,,79.93,,,116.68,115.84,,,,,,,,,,,33689.0,,
Greece,GRC,Europe,2021-07-20,greece,463473.0,12843.0,44466.134,1232.172,10423056.0,24574.382,45.3,82.24,4.21,0.888,52.74,45.0,256.16285714285715,0.8361428571428571,5.152400047302246,1.2054814962234501,0.8741237806167602,1.056294914543152,0.08578825018835068,0.03530595537829399,0.0,2019.0,10413936.0,4446.6134,123.2172
Greenland,GRL,North America,2021-07-20,greenland,,,,,56772.0,,,71.7,,,57.92,33.59,,,,,,,,,,,56787.0,,
Grenada,GRD,North America,2021-07-20,grenada,161.0,1.0,1430.869,8.887,112519.0,13593.877,29.4,72.4,3.7,0.779,18.33,13.45,0.0,0.0,,,,,,,,,112614.0,143.08689999999999,0.8887
Guatemala,GTM,North America,2021-07-20,guatemala,334375.0,9927.0,18663.936,554.099,17915567.0,7423.808,22.9,74.3,0.6,0.663,5.75,1.44,97.72028571428572,1.3634285714285714,6.34379999923706,0.8066143891944886,0.6157759979515076,1.141467038726806,0.5502861235847474,0.08159065571641921,0.24009167856597902,2019.0,17971382.0,1866.3936,55.40990000000001
Guernsey,GGY,Europe,2021-07-20,guernsey,,,,,67052.0,,,,,,49.17,20.31,,,,,,,,,,,,,
Guinea,GIN,Africa,2021-07-20,guinea,24765.0,194.0,1885.738,14.772,13132792.0,1998.926,19.0,61.6,0.3,0.477,3.82,2.15,6.439714285714286,0.15214285714285714,3.853599993896484,0.27337398601913454,0.2417018278369904,0.6375789371299744,0.3522735025939942,0.1063055235438346,0.24850501841735842,2019.0,13191279.0,188.5738,1.4772
Guinea-Bissau,GNB,Africa,2021-07-20,guinea-bissau,4087.0,73.0,2076.73,37.094,1967998.0,1548.675,19.4,58.32,,0.48,1.22,0.06,9.146428571428572,0.21771428571428572,,,,,,,,,1975718.0,207.673,3.7094
Guyana,GUY,South America,2021-07-20,guyana,21668.0,514.0,27547.838,653.479,786559.0,7435.047,26.3,69.91,1.6,0.682,30.89,16.31,111.33485714285713,2.724285714285714,,,,,,,,,787215.0,2754.7838,65.34790000000001
Haiti,HTI,North America,2021-07-20,haiti,19563.0,510.0,1715.671,44.727,11402533.0,1653.173,24.3,64.0,0.7,0.51,0.0,,4.297285714285715,0.48857142857142855,3.8655999851226794,0.3228620525741578,0.3357462260074616,0.616215964389801,0.08926797146522998,0.1260764299054146,0.44833075617790225,2019.0,11426356.0,171.5671,4.4727
Honduras,HND,North America,2021-07-20,honduras,282686.0,7507.0,28540.857,757.93,9904608.0,4541.795,24.9,75.27,0.7,0.634,11.49,0.81,101.12185714285715,2.6395714285714287,5.240800046539306,0.6564366235466004,0.6622998959884644,1.058876995742798,0.3966219720420838,0.07253109050941468,0.2227717747297286,2019.0,9931333.0,2854.0857,75.79299999999999
Hong Kong,HKG,Asia,2021-07-20,hong kong,11965.0,212.0,1595.974,28.278,7496988.0,56054.92,44.8,84.86,,0.949,38.52,27.55,0.24771428571428572,0.0,5.448,1.4349349999999998,1.0295125,1.1238474999999999,0.5102175,0.3164275,0.3249375,2019.0,7507523.0,159.5974,2.8278
Hungary,HUN,Europe,2021-07-20,hungary,808889.0,30019.0,83732.888,3107.444,9660350.0,26777.561,43.4,76.88,7.02,0.854,57.7,54.98,4.924428571428571,0.13314285714285715,5.329399976348876,1.20407438685608,0.7365786905059813,1.257584618385314,0.23053670386219022,0.03018738748192788,0.08948033248186113,2019.0,9655983.0,8373.2888,310.7444
Iceland,ISL,Europe,2021-07-20,iceland,6832.0,30.0,20020.513,87.912,341250.0,46482.958,37.3,82.99,2.91,0.949,78.29,73.89,65.72471428571428,0.0,7.511000037384034,1.3865226040802,0.9177444244232177,1.49281280140686,0.6180345270652771,0.14014531189441679,0.4191240441474914,2019.0,341628.0,2002.0512999999999,8.7912
India,IND,Asia,2021-07-20,india,31216337.0,418480.0,22620.462,303.245,1380004385.0,6426.674,28.2,69.66,0.53,0.645,23.82,6.29,27.969857142857144,0.7322857142857142,4.2978000114440915,0.7307142496299744,0.4989255233669282,0.5881165193481446,0.4615394009990692,0.08847337705183031,0.22371369789218898,2019.0,1382345085.0,2262.0461999999998,30.3245
Indonesia,IDN,Asia,2021-07-20,indonesia,2950058.0,76200.0,10785.387,278.587,273523621.0,11188.744,29.3,71.72,1.04,0.718,15.49,6.02,174.71942857142858,4.168285714285714,5.2520000167846685,0.9209697184677124,0.5612031441059112,1.131154939857482,0.4661606926403046,0.01290742709809542,0.5348529175872802,2019.0,274021604.0,1078.5387,27.8587
Iran,IRN,Asia,2021-07-20,iran,3576148.0,87624.0,42576.762,1043.23,83992953.0,19082.62,32.4,76.68,1.5,0.783,6.98,2.73,270.6332857142857,2.410142857142857,4.689199982452392,1.0884506213912961,0.6911406377067566,0.6515182498054504,0.30781852162265777,0.0834182146999836,0.34109658264923104,2019.0,84176929.0,4257.6762,104.32300000000001
Iraq,IRQ,Asia,2021-07-20,iraq,1510517.0,17951.0,37554.028,446.292,40222503.0,15663.986,20.0,70.6,1.4,0.674,1.74,0.97,223.61328571428572,1.1401428571428571,4.528400043487548,1.043188097091674,0.5448620939979554,0.8681106395606994,0.21642310653877259,0.1130911509375572,0.17414945280265798,2019.0,40372771.0,3755.4028,44.6292
Ireland,IRL,Europe,2021-07-20,ireland,286691.0,5018.0,58060.519,1016.243,4937796.0,67335.293,38.7,82.3,2.96,0.955,63.92,46.5,220.97757142857145,0.34714285714285714,6.964400047302246,1.460415327857972,0.878932524848938,1.445056223068238,0.5721920684051514,0.299791630662918,0.38829966457176196,2019.0,4947267.0,5806.0519,101.6243
Isle of Man,IMN,Europe,2021-07-20,isle of man,,,,,85032.0,,,81.4,,,75.75,65.43,,,,,,,,,,,85112.0,,
Israel,ISR,Asia,2021-07-20,israel,854434.0,6452.0,98715.262,745.418,8655541.0,33132.32,30.6,82.97,2.99,0.919,66.42,60.74,112.75999999999999,0.19828571428571432,7.142199964141847,1.303722484680176,0.90268879996109,1.321917992744446,0.41749972076606756,0.12087442001199722,0.3199365309906006,2019.0,8678517.0,9871.5262,74.5418
Italy,ITA,Europe,2021-07-20,italy,4293083.0,127884.0,71004.85,2115.12,60461828.0,35220.084,47.9,83.51,3.18,0.892,60.81,45.04,45.813857142857145,0.17957142857142858,6.022400045013429,1.311831323783874,0.9287248695335387,1.334672656333924,0.2438161425361634,0.02811961828315258,0.172571929635048,2019.0,60446035.0,7100.485000000001,211.512
Jamaica,JAM,North America,2021-07-20,jamaica,51282.0,1158.0,17318.207,391.063,2961161.0,8193.571,31.4,74.47,1.7,0.734,6.01,4.0,23.591285714285714,1.1577142857142857,5.661999974060057,0.8558578618927001,0.6894244768333435,1.290791612861634,0.49593944781112675,0.03603955620384216,0.1743136674642562,2019.0,2963429.0,1731.8206999999998,39.1063
Japan,JPN,Asia,2021-07-20,japan,848222.0,15026.0,6706.56,118.805,126476458.0,39002.223,48.2,84.63,13.05,0.919,35.25,23.23,26.241142857142854,0.11642857142857142,5.9258000152587895,1.33774503565979,0.9790991742172241,1.326999565727234,0.4934771091957092,0.1648421473169326,0.095572553630352,2019.0,126407422.0,670.6560000000001,11.880500000000001
Jersey,JEY,Europe,2021-07-14,jersey,,,,,101073.0,,,,,,71.93,59.4,,,,,,,,,,,,,
Jordan,JOR,Asia,2021-07-20,jordan,762420.0,9916.0,74724.056,971.858,10203140.0,8337.49,23.2,74.53,1.4,0.729,26.57,18.94,57.81142857142857,0.854,5.179599993133544,0.9097444788856507,0.6736200116653441,1.129033778587342,0.407252229850769,0.13194065443754202,0.1330640920448304,2019.0,10220604.0,7472.4056,97.1858
Kazakhstan,KAZ,Asia,2021-07-20,kazakhstan,563173.0,5116.0,29993.172,272.465,18776707.0,24055.588,30.6,73.6,6.7,0.825,26.33,15.31,291.35657142857144,11.655714285714286,5.838399953460694,1.190505253929138,0.6367163101272584,1.2972438031387319,0.4446288566474914,0.1064285772771836,0.1528688846120834,2019.0,18815231.0,2999.3172,27.246499999999997
Kenya,KEN,Africa,2021-07-20,kenya,193807.0,3800.0,3604.283,70.67,53771300.0,2993.028,20.0,66.7,1.4,0.601,1.93,1.11,10.903285714285714,0.18071428571428574,4.449399994659425,0.49057189242935184,0.41216166993522646,0.972022145111084,0.4431347532100678,0.059578263843059545,0.3915120618724822,2019.0,53968739.0,360.4283,7.067
Kiribati,KIR,Oceania,2021-07-20,kiribati,2.0,,16.744,,119446.0,1981.132,23.2,68.37,1.9,0.63,,,0.0,,,,,,,,,,119760.0,1.6743999999999999,
Kuwait,KWT,Asia,2021-07-20,kuwait,387912.0,2247.0,90833.925,526.16,4270563.0,65530.537,33.7,75.49,2.0,0.806,34.0,21.62,295.57842857142856,3.3452857142857146,6.148600003814698,1.555662490341186,0.6951431416244506,1.184643749717712,0.5059975185203551,0.18218791006183618,0.1718439595804214,2019.0,4281320.0,9083.3925,52.616
Kyrgyzstan,KGZ,Asia,2021-07-20,kyrgyzstan,151607.0,2196.0,23237.67,336.593,6524191.0,3393.474,26.3,71.45,4.5,0.697,1.53,1.13,204.448,1.5985714285714285,5.173400037384034,0.5423880152168274,0.6151655593147278,1.27074571823883,0.4679666777400969,0.03747583580064774,0.338840074705124,2019.0,6542426.0,2323.767,33.6593
Laos,LAO,Asia,2021-07-20,laos,3710.0,5.0,509.927,0.687,7275556.0,6397.36,24.4,67.92,1.5,0.613,14.44,9.22,15.884714285714285,0.039142857142857146,4.79275,0.68877,0.481,0.8379325,0.5726475,0.20118,0.3371775,2019.0,7293542.0,50.9927,0.06870000000000001
Latvia,LVA,Europe,2021-07-20,latvia,138238.0,2548.0,73289.075,1350.863,1886202.0,25063.846,43.9,75.29,5.57,0.866,38.8,34.27,20.297714285714285,0.7572857142857143,5.676199980926514,1.185349724960328,0.697091394165039,1.27391698839569,0.3058755824890136,0.07121254532957079,0.1353569572134018,2019.0,1882408.0,7328.907499999999,135.0863
Lebanon,LBN,Asia,2021-07-20,lebanon,551789.0,7887.0,80842.97,1155.53,6825442.0,13367.565,31.1,78.93,2.9,0.744,15.53,9.79,69.78099999999999,0.16785714285714287,5.1495999809265145,1.0350615061416621,0.7872522153244018,0.994894849510192,0.3217911970024108,0.05538876595354081,0.2199841517391204,2019.0,6819976.0,8084.2970000000005,115.553
Lesotho,LSO,Africa,2021-07-20,lesotho,12398.0,339.0,5787.368,158.245,2142252.0,2851.153,22.2,54.33,,0.527,1.71,0.92,32.742571428571424,0.26671428571428574,4.07900002193451,0.4643678117275237,0.08078,1.15378129655838,0.372582824807167,0.112283660004139,0.13609431797385224,2019.0,2145194.0,578.7368,15.8245
Liberia,LBR,Africa,2021-07-20,liberia,5396.0,148.0,1066.893,29.262,5057677.0,752.788,19.2,64.1,0.8,0.48,1.71,0.18,5.112428571428572,0.113,3.839199998474122,0.0892603586096764,0.3027156393594742,0.7890655873222352,0.332934236486435,0.0425576498143673,0.237959977054596,2019.0,5077411.0,106.6893,2.9262
Libya,LBY,Africa,2021-07-20,libya,226701.0,3309.0,32992.509,481.569,6871287.0,17881.509,29.0,72.91,3.7,0.724,6.99,,359.5084285714286,1.330714285714286,5.597000019073485,1.065826612869262,0.5946018039398193,1.215988866020202,0.4402266460227966,0.12124604203605652,0.1509787332906724,2019.0,6887247.0,3299.2509,48.1569
Liechtenstein,LIE,Europe,2021-07-20,liechtenstein,3069.0,59.0,80473.031,1547.054,38137.0,,,82.49,2.397,0.919,53.99,47.84,41.20485714285714,0.0,,,,,,,,,38147.0,8047.3031,154.7054
Lithuania,LTU,Europe,2021-07-20,lithuania,279914.0,4404.0,102822.953,1617.755,2722291.0,29524.265,43.5,75.93,6.56,0.882,48.37,43.66,32.11571428571428,0.15742857142857142,5.929799990081788,1.233202469573974,0.708193988040924,1.367415221321106,0.25558835698795324,0.01767512857061624,0.025164931335270403,2019.0,2715340.0,10282.2953,161.77550000000002
Luxembourg,LUX,Europe,2021-07-20,luxembourg,73074.0,821.0,116736.105,1311.552,625976.0,94277.965,39.7,82.25,4.51,0.916,61.82,43.59,155.87085714285715,0.4565714285714286,6.935999983215332,1.637674719558716,0.9034898990364073,1.3432407331695562,0.5838315782127379,0.33742088480377197,0.2458461963748932,2019.0,627704.0,11673.610499999999,131.15519999999998
Macao,MAC,Asia,2021-07-20,macao,,,,,649342.0,104861.851,39.2,84.24,,,41.78,29.61,,,,,,,,,,,650846.0,,
Madagascar,MDG,Africa,2021-07-20,madagascar,42551.0,937.0,1536.635,33.838,27691019.0,1416.44,19.6,67.04,0.2,0.528,0.71,,0.4591428571428571,0.02057142857142857,3.745400010681152,0.2659177386341094,0.43410466176033025,0.7732360744781495,0.1773753530845642,0.06270639509916306,0.1932925060949326,2019.0,27808395.0,153.6635,3.3838
Malawi,MWI,Africa,2021-07-20,malawi,44684.0,1363.0,2335.813,71.25,19129955.0,1095.042,18.1,64.26,1.3,0.483,2.01,0.23,35.48657142857143,0.7392857142857142,3.883000005722046,0.1427144076595306,0.3270699166793824,0.43438176628875735,0.4571509307556152,0.07742433080148696,0.271226093952179,2019.0,19211425.0,233.5813,7.125
Malaysia,MYS,Asia,2021-07-20,malaysia,939899.0,7241.0,29039.704,223.722,32365998.0,26808.164,29.9,76.16,1.9,0.81,31.83,14.74,370.53900000000004,3.7782857142857145,5.904000022125244,1.209899083953858,0.6926768855285644,1.132825206848144,0.43736299649238575,0.06888414162540436,0.3466197859268188,2019.0,32436963.0,2903.9704,22.3722
Maldives,MDV,Asia,2021-07-20,maldives,76188.0,217.0,140947.419,401.449,540542.0,15183.616,30.6,78.92,,0.74,59.34,47.83,226.228,0.7928571428571429,,,,,,,,,542151.0,14094.741899999999,40.1449
Mali,MLI,Africa,2021-07-20,mali,14522.0,530.0,717.106,26.172,20250834.0,2014.306,16.4,59.31,0.1,0.434,0.72,0.26,0.254,0.014,4.219000011444092,0.360968098766327,0.1997331348514556,1.1036126796417238,0.3329247486610412,0.09459204931068421,0.1747948397865296,2019.0,20346106.0,71.7106,2.6172
Malta,MLT,Europe,2021-07-20,malta,32833.0,420.0,74360.362,951.218,441539.0,36513.323,42.4,82.53,4.485,0.895,87.5,81.32,465.5794285714286,0.0,6.533999990081787,1.285699967712402,0.8790608473510743,1.386846332992554,0.5902714103393554,0.15149321377754218,0.4811241150169372,2019.0,441750.0,7436.0362,95.1218
Marshall Islands,MHL,Oceania,2021-07-20,marshall islands,4.0,,67.574,,59194.0,3819.202,,73.7,2.7,0.704,,,0.0,,,,,,,,,,59259.0,6.7574,
Mauritania,MRT,Africa,2021-07-20,mauritania,22929.0,512.0,4931.328,110.116,4649660.0,3597.633,20.3,64.92,,0.546,3.76,0.3,31.553857142857144,0.49142857142857144,4.354999963378906,0.5686874577484129,0.342295855928421,1.07890616607666,0.132043608604908,0.1344234009332656,0.1775460048408508,2019.0,4669775.0,493.13280000000003,11.0116
Mauritius,MUS,Africa,2021-07-20,mauritius,2731.0,19.0,2147.406,14.94,1271767.0,20292.745,37.4,74.99,3.4,0.804,47.82,34.03,52.90728571428571,0.1122857142857143,5.7066000373840335,1.11014510938263,0.6982794924049378,1.148144198066712,0.519071465227127,0.05588431103634835,0.3135767501735688,2019.0,1272140.0,214.7406,1.494
Mexico,MEX,North America,2021-07-20,mexico,2678297.0,236810.0,20772.821,1836.694,128932753.0,17336.469,29.3,75.05,1.38,0.779,29.87,17.06,81.533,1.6985714285714286,6.725200013732911,1.079360763572692,0.7715697995414734,1.0829944319458,0.4367260016727448,0.139488822921753,0.10441608655977239,2019.0,129166028.0,2077.2821,183.6694
Micronesia (country),FSM,Oceania,2021-07-20,micronesia (country),1.0,,8.694,,115021.0,3299.464,23.0,67.88,,0.62,,,0.0,,,,,,,,,,,0.8694000000000001,
Moldova,MDA,Europe,2021-07-20,moldova,258096.0,6229.0,63980.755,1544.139,4033963.0,5189.972,37.6,71.9,5.8,0.75,12.48,9.64,17.990285714285715,0.5314285714285715,5.758599964141846,0.6714241260528564,0.6179630401802062,1.145485114212036,0.2595858097696304,0.009054257230520241,0.1940518252811432,2019.0,4032294.0,6398.0755,154.41389999999998
Monaco,MCO,Europe,2021-07-20,monaco,2717.0,33.0,69233.513,840.893,39244.0,,,86.75,13.8,,53.88,47.51,280.2975714285714,0.0,,,,,,,,,39290.0,6923.3513,84.08930000000001
Mongolia,MNG,Asia,2021-07-20,mongolia,149733.0,745.0,45674.089,227.252,3278292.0,11840.846,28.6,69.87,7.0,0.737,64.42,56.75,350.5308571428572,1.83,5.02919998474121,0.941191173118592,0.5914306968917846,1.38628824723816,0.3804247937641144,0.03248245783638954,0.3008308460597992,2019.0,3287242.0,4567.4089,22.7252
Montenegro,MNE,Europe,2021-07-20,montenegro,100755.0,1623.0,160422.06,2584.14,628062.0,16409.288,39.1,76.88,3.861,0.829,26.08,23.34,53.68,0.4548571428571429,5.291999997711182,1.048377807189942,0.725600934703827,1.1051352996444699,0.1969398110790252,0.10386883881950378,0.1568442048187256,2019.0,628080.0,16042.206,258.414
Montserrat,MSR,North America,2021-07-16,montserrat,,,,,4999.0,,,74.16,,,28.71,25.51,,,,,,,,,,,4993.0,,
Morocco,MAR,Africa,2021-07-20,morocco,562416.0,9486.0,15237.266,257.0,36910558.0,7485.013,29.6,76.68,1.1,0.686,31.31,26.38,67.34428571428572,0.35214285714285715,5.17220002670288,0.8066969162216185,0.650592133808136,0.6761528870391846,0.3919056664218902,0.08145263656377792,0.0412919910311699,2019.0,36985624.0,1523.7266,25.7
Mozambique,MOZ,Africa,2021-07-20,mozambique,102009.0,1158.0,3263.72,37.05,31255435.0,1136.103,17.7,60.85,0.7,0.456,1.19,0.96,46.268428571428565,0.6628571428571428,4.601000047683715,0.179846412498951,0.1902411088490485,0.9462402537488938,0.46154027297973627,0.15786659640789025,0.2369795259690285,2019.0,31398811.0,326.37199999999996,3.7049999999999996
Myanmar,MMR,Asia,2021-07-20,myanmar,240570.0,5567.0,4421.447,102.316,54409794.0,5591.597,29.1,67.13,0.9,0.583,3.38,2.81,103.1747142857143,4.019857142857143,4.38300001525879,0.474262110080719,0.45255651374053957,0.9774191881866461,0.4973164069824218,0.1863172409334182,0.723533032196045,2019.0,54473253.0,442.1447,10.2316
Namibia,NAM,Africa,2021-07-20,namibia,113438.0,2557.0,44644.53,1006.33,2540916.0,9541.808,22.0,63.71,,0.646,5.34,1.35,302.64671428571427,26.25614285714286,4.556999970436095,0.9125760814237595,0.382015452849865,1.099022701768875,0.4816108868455887,0.0792817430895567,0.06902093623876573,2019.0,2548663.0,4464.4529999999995,100.63300000000001
Nauru,NRU,Oceania,2021-07-20,nauru,,,,,10834.0,12895.635,,59.96,5.0,,69.49,64.14,,,,,,,,,,,10836.0,,
Nepal,NPL,Asia,2021-07-20,nepal,670953.0,9607.0,23027.677,329.72,29136808.0,2442.804,25.0,70.78,0.3,0.602,10.81,3.97,59.69385714285715,0.9561428571428571,4.812399978637696,0.43141003837203973,0.5579201561393738,1.038952652259826,0.4316491896514892,0.07382510922431947,0.33713123317909244,2019.0,29225196.0,2302.7677,32.972
Netherlands,NLD,Europe,2021-07-20,netherlands,1842653.0,18069.0,107538.177,1054.516,17134873.0,48472.545,43.2,82.28,3.32,0.944,68.09,46.2,583.972,0.125,7.404599971008301,1.4110129270782479,0.8785692250061036,1.349645844657898,0.5896508976211547,0.2986143650836944,0.4151499659557342,2019.0,17141544.0,10753.8177,105.45160000000001
New Caledonia,NCL,Oceania,2021-07-20,new caledonia,,,,,285491.0,,33.4,77.55,,,22.73,20.41,,,,,,,,,,,285972.0,,
New Zealand,NZL,Oceania,2021-07-20,new zealand,2829.0,26.0,586.658,5.392,4822233.0,36085.843,37.9,82.29,2.61,0.931,19.18,13.03,1.1255714285714287,0.0,7.313000025939942,1.317509209602356,0.8916179411087036,1.439729024734498,0.6177824260902404,0.4000153404254914,0.43280502519989017,2019.0,4829021.0,58.665800000000004,0.5392
Nicaragua,NIC,North America,2021-07-20,nicaragua,9108.0,194.0,1374.885,29.285,6624554.0,5321.444,27.3,74.48,0.9,0.66,3.82,2.46,7.353571428571429,0.02157142857142857,6.027400019836426,0.6772778407745361,0.716673192123413,1.193653141937256,0.4860243693008422,0.14835559636878962,0.25711084339714063,2019.0,6638075.0,137.4885,2.9285
Niger,NER,Africa,2021-07-20,niger,5594.0,194.0,231.094,8.014,24206636.0,926.0,15.1,62.42,0.3,0.394,1.5,0.25,0.2832857142857143,0.0,4.104599975585939,0.126605066151619,0.282839001405716,0.8023950009727479,0.385797739282608,0.13354458923816678,0.1990487691059112,2019.0,24346468.0,23.1094,0.8013999999999999
Nigeria,NGA,Africa,2021-07-20,nigeria,169884.0,2128.0,824.121,10.323,206139587.0,5338.454,18.1,54.69,,0.539,1.23,0.68,0.7047142857142857,0.002142857142857143,5.127399976348876,0.7150532512207032,0.11221314604759217,1.009614096603394,0.380966513086319,0.03398431321442128,0.2302934392967224,2019.0,206984347.0,82.4121,1.0323
Niue,NIU,Oceania,2021-07-06,niue,,,,,1618.0,,,73.71,,,73.18,1.98,,,,,,,,,,,1628.0,,
North Macedonia,MKD,Europe,2021-07-20,north macedonia,155931.0,5487.0,74845.203,2633.701,2083380.0,13111.214,39.1,75.8,4.28,0.774,22.23,13.66,7.405714285714285,0.0,5.274,0.983,0.838,1.294,0.345,0.034,0.185,2019.0,2083359.0,7484.520299999999,263.3701
Norway,NOR,Europe,2021-07-20,norway,134780.0,796.0,24861.462,146.83,5421242.0,64800.057,39.7,82.4,3.6,0.957,59.51,30.97,32.43857142857143,0.0,7.541000035858154,1.519380636871338,0.8733333005905152,1.431074711914062,0.6380485174789429,0.343950766904831,0.328990447462082,2019.0,5428594.0,2486.1462,14.683000000000002
Oman,OMN,Asia,2021-07-20,oman,289042.0,3498.0,56601.409,684.993,5106622.0,37960.709,30.7,77.86,1.6,0.813,28.14,5.71,55.614,0.7274285714285715,6.853,1.36011,0.76276,1.08182,0.63274,0.32524,0.21542,2015.0,5128058.0,5660.1409,68.4993
Pakistan,PAK,Asia,2021-07-20,pakistan,996451.0,22888.0,4511.026,103.616,220892331.0,5034.708,23.5,67.27,0.6,0.557,4.21,2.06,11.384857142857143,0.15914285714285717,5.344000010681151,0.667894706123352,0.45575355662727357,0.6088301379127502,0.229891052315712,0.1157576133494378,0.2800012038345336,2019.0,221612785.0,451.1026,10.3616
Palestine,PSE,Asia,2021-07-20,palestine,315761.0,3589.0,61896.736,703.53,5101416.0,4449.898,20.4,74.05,,0.708,11.09,7.85,15.037714285714285,0.19599999999999998,,,,,,,,,5121112.0,6189.6736,70.353
Panama,PAN,North America,2021-07-20,panama,424455.0,6716.0,98372.612,1556.515,4314768.0,22267.037,29.7,78.51,2.3,0.815,28.28,15.22,243.94614285714286,2.052857142857143,6.53800002822876,1.1482676871948239,0.7760232269210816,1.288162509750366,0.5388793668022156,0.0729827847943306,0.186139387848854,2019.0,4326296.0,9837.261199999999,155.6515
Papua New Guinea,PNG,Oceania,2021-07-20,papua new guinea,17515.0,191.0,1957.634,21.348,8947027.0,3823.194,22.6,64.5,,0.555,0.71,0.03,2.7942857142857145,0.19157142857142856,,,,,,,,,8975531.0,195.7634,2.1348
Paraguay,PRY,South America,2021-07-20,paraguay,446267.0,14394.0,62567.841,2018.078,7132530.0,8827.01,26.5,74.25,1.3,0.728,10.67,1.98,127.58442857142857,7.571142857142858,5.666600006103517,0.8552234634552003,0.6430361386642456,1.3840329759368901,0.5059695583515168,0.08028918268775939,0.2331021315307618,2019.0,7147553.0,6256.7841,201.8078
Peru,PER,South America,2021-07-20,peru,2094445.0,195243.0,63522.224,5921.506,32971846.0,12236.706,29.1,76.74,1.6,0.777,20.85,12.26,47.13100000000001,2.7600000000000002,5.728400030517578,0.96508705443573,0.7036552226753234,1.105782076957702,0.4449965757808686,0.044171817308187485,0.11938194298076621,2019.0,33050211.0,6352.222400000001,592.1506
Philippines,PHL,Asia,2021-07-20,philippines,1517903.0,26844.0,13851.871,244.969,109581085.0,7599.188,25.2,71.23,1.0,0.718,9.48,4.3,47.24871428571429,0.9802857142857142,5.387399965667724,0.791437843082428,0.5379018109321594,1.154569514976502,0.5920409348945619,0.11033837860536574,0.1794326846408844,2019.0,109830324.0,1385.1870999999999,24.4969
Pitcairn,PCN,Oceania,2021-06-21,pitcairn,,,,,47.0,,,,,,100.0,,,,,,,,,,,,,,
Poland,POL,Europe,2021-07-20,poland,2881594.0,75219.0,76138.771,1987.47,37846605.0,27216.445,41.8,78.73,6.62,0.88,47.15,43.45,2.3968571428571432,0.1737142857142857,5.980800009918212,1.209037572555542,0.7668170695991516,1.331608394065856,0.5064924223175048,0.05408556123876572,0.1390971933164596,2019.0,37839255.0,7613.8771,198.747
Portugal,PRT,Europe,2021-07-20,portugal,935246.0,17219.0,91720.396,1688.682,10196707.0,27936.896,46.2,82.05,3.39,0.864,64.8,46.95,319.99114285714285,0.6444285714285716,5.304600034332276,1.23203105897522,0.8695327083244324,1.262012603668212,0.5060850599212646,0.01677189033734798,0.09024054250240326,2019.0,10191409.0,9172.0396,168.8682
Qatar,QAT,Asia,2021-07-20,qatar,224510.0,599.0,77926.18,207.91,2881060.0,116935.6,31.9,80.23,1.2,0.848,67.48,56.81,42.84142857142857,0.0,6.4218,1.743691137207032,0.7687316175575256,1.1697073759536738,0.6040641966705322,0.3559738511219024,0.2912167740077972,2019.0,2889284.0,7792.6179999999995,20.791
Romania,ROU,Europe,2021-07-20,romania,1081773.0,34258.0,56231.983,1780.776,19237682.0,23313.199,43.0,76.05,6.892,0.828,25.29,24.64,3.3194285714285714,0.18571428571428572,5.698399961853028,1.14176678226471,0.7362156624641418,1.043000258094788,0.4329607484912872,0.004733580139786,0.1141779835453034,2019.0,19214608.0,5623.1983,178.07760000000002
Russia,RUS,Europe,2021-07-20,russia,5931925.0,147457.0,40647.87,1010.433,145934460.0,24765.954,39.6,72.58,8.05,0.824,22.74,14.79,166.13514285714288,5.242142857142857,5.798599964141846,1.197139619430542,0.6263038667526246,1.337812477737426,0.3600786223144532,0.030974576205730443,0.04572276448130608,2019.0,145945524.0,4064.7870000000003,101.0433
Rwanda,RWA,Africa,2021-07-20,rwanda,59141.0,677.0,4566.094,52.269,12952209.0,1854.211,20.3,69.02,,0.543,3.07,1.95,102.93885714285715,0.8712857142857143,3.4385999912261958,0.322057178647995,0.41754296146202086,0.7884534046287536,0.5816107705993652,0.4734680027713776,0.22631120587348938,2019.0,13005303.0,456.6094,5.2269
Saint Helena,SHN,Africa,2021-05-05,saint helena,,,,,6071.0,,,80.56,,,71.83,58.16,,,,,,,,,,,6080.0,,
Saint Kitts and Nevis,KNA,North America,2021-07-20,saint kitts and nevis,557.0,3.0,10471.499,56.399,53192.0,24654.385,,76.23,2.3,0.779,44.08,36.45,45.65657142857143,0.0,,,,,,,,,,1047.1499,5.6399
Saint Lucia,LCA,North America,2021-07-20,saint lucia,5484.0,87.0,29864.564,473.781,183629.0,12951.839,34.9,76.2,1.3,0.759,17.28,12.7,42.01014285714286,0.7779999999999999,,,,,,,,,183774.0,2986.4564,47.3781
Saint Vincent and the Grenadines,VCT,North America,2021-07-20,saint vincent and the grenadines,2263.0,12.0,20397.127,108.16,110947.0,10727.146,31.8,72.53,2.6,0.738,16.6,,23.177142857142854,0.0,,,,,,,,,,2039.7127,10.815999999999999
Samoa,WSM,Oceania,2021-07-20,samoa,3.0,,15.12,,198410.0,6021.557,22.0,73.32,,0.715,27.75,7.89,0.0,,,,,,,,,,198643.0,1.512,
San Marino,SMR,Europe,2021-07-20,san marino,5099.0,90.0,150244.564,2651.895,33938.0,56861.47,,84.97,3.8,,67.25,67.25,21.046714285714284,0.0,,,,,,,,,33944.0,15024.456400000001,265.1895
Sao Tome and Principe,STP,Africa,2021-07-20,sao tome and principe,2410.0,37.0,10996.482,168.826,219161.0,3052.714,18.7,70.39,2.9,0.625,13.56,5.34,11.733,0.0,,,,,,,,,,1099.6482,16.8826
Saudi Arabia,SAU,Asia,2021-07-20,saudi arabia,507423.0,8048.0,14575.313,231.172,34813867.0,49045.411,31.9,75.13,2.7,0.854,52.97,13.32,15.137714285714285,0.1722857142857143,6.37599997253418,1.439512711036682,0.6662136659469604,1.18137951979065,0.4174541144886016,0.231550450958252,0.12344920277690881,2019.0,34905942.0,1457.5313,23.1172
Senegal,SEN,Africa,2021-07-20,senegal,53573.0,1236.0,3199.548,73.818,16743930.0,2470.58,18.7,67.94,,0.512,3.65,1.55,57.24885714285715,0.29857142857142854,4.393999969482422,0.433285804485321,0.45066657051467895,1.036208382148742,0.350840453344345,0.0986800895934104,0.1747857786340714,2019.0,16816539.0,319.9548,7.3818
Serbia,SRB,Europe,2021-07-20,serbia,719006.0,7088.0,105664.76,1041.649,6804596.0,14048.881,41.2,76.0,5.609,0.806,40.97,39.03,25.06714285714286,0.25199999999999995,5.339199996185302,1.000643515853882,0.7167889342613221,1.166623959480286,0.22739310564994816,0.03849275612187386,0.1781611767635346,2019.0,8731081.0,10566.475999999999,104.16489999999999
Seychelles,SYC,Africa,2021-07-20,seychelles,17541.0,86.0,178370.958,874.517,98340.0,26382.287,36.2,73.4,3.6,0.796,72.7,69.29,778.6397142857143,13.074142857142858,,,,,,,,,98453.0,17837.095800000003,87.4517
Sierra Leone,SLE,Africa,2021-07-20,sierra leone,6198.0,116.0,776.985,14.542,7976985.0,1390.3,19.1,54.7,,0.452,1.03,0.19,2.2207142857142856,0.05357142857142857,4.559200022125244,0.317502185743332,0.04951295077949762,0.844369208995819,0.339589538192749,0.06778303520822526,0.24737818028450018,2019.0,8004158.0,77.6985,1.4542
Singapore,SGP,Asia,2021-07-20,singapore,63440.0,36.0,10843.809,6.153,5850343.0,85535.383,42.4,83.62,2.4,0.938,71.19,47.73,16.995428571428572,0.0,6.542800005340576,1.592137533981324,1.0141864789848327,1.231078872695922,0.553412113899231,0.46725555700683596,0.3032151962966918,2019.0,5858322.0,1084.3808999999999,0.6153
Sint Maarten (Dutch part),SXM,North America,2021-07-16,sint maarten (dutch part),,,,,42882.0,36327.232,,78.95,,,54.87,45.8,,,,,,,,,,,,,
Slovakia,SVK,Europe,2021-07-20,slovakia,392139.0,12531.0,71825.026,2295.205,5459643.0,30155.152,41.2,77.54,5.82,0.86,40.62,34.56,4.867142857142857,0.23542857142857146,6.108400009918212,1.246006711509704,0.7724845822219848,1.379745848449708,0.3070474929180146,0.02319817032790184,0.1365688961839676,2019.0,5460109.0,7182.5026,229.5205
Slovenia,SVN,Europe,2021-07-20,slovenia,258287.0,4425.0,124240.235,2128.497,2078932.0,31400.84,44.5,81.32,4.5,0.917,42.27,37.17,22.538857142857143,0.0,5.887999979400634,1.2605311909103398,0.8529416455993651,1.3622997641525258,0.5819531615142821,0.045469795757770534,0.21146181865406039,2019.0,2078989.0,12424.0235,212.84969999999998
Solomon Islands,SLB,Oceania,2021-07-20,solomon islands,20.0,,29.117,,686878.0,2205.923,20.8,73.0,1.4,0.567,2.99,1.06,0.0,,,,,,,,,,689671.0,2.9117,
Somalia,SOM,Africa,2021-07-20,somalia,15162.0,781.0,953.992,49.14,15893219.0,,16.8,57.4,0.9,,1.02,0.55,0.8450000000000001,0.0,5.060250005722045,0.00566079607233405,0.1529122842782735,0.6168203379821777,0.6007267389965057,0.2865525809049607,0.26122032779455173,2019.0,15965848.0,95.3992,4.914
South Africa,ZAF,Africa,2021-07-20,south africa,2311232.0,67676.0,38969.534,1141.081,59308690.0,12294.876,27.3,64.13,2.32,0.709,7.64,3.01,221.39828571428572,6.1038571428571435,4.67519999923706,0.979869741134644,0.28981401407527924,1.2581997264785758,0.428229347114563,0.07129989948081969,0.1257304759817124,2019.0,59436725.0,3896.9534,114.1081
South Korea,KOR,Asia,2021-07-20,south korea,182265.0,2060.0,3555.06,40.18,51269183.0,35938.374,43.4,83.03,12.27,0.916,32.07,13.04,28.85057142857143,0.03371428571428571,5.885399964141846,1.314553688591004,0.9486088152084349,1.0461908881530761,0.2489363331813812,0.06520253371810913,0.1860968734378814,2019.0,51276977.0,355.506,4.018
South Sudan,SSD,Africa,2021-07-20,south sudan,10917.0,117.0,975.278,10.452,11193729.0,1569.888,19.2,57.85,,0.433,0.47,0.04,0.07657142857142858,0.0,3.3825000200271598,0.3585471564388275,0.198324000968933,0.49237828193664546,0.11642060893654825,0.11098587832450875,0.2426652042245865,2019.0,11216250.0,97.5278,1.0452
Spain,ESP,Europe,2021-07-20,spain,4189136.0,81148.0,89598.02,1735.609,46754783.0,34272.36,45.5,83.56,2.97,0.904,63.52,52.07,531.808,0.3514285714285714,6.351399975585938,1.298807572868348,0.9501081199798584,1.399466180465698,0.4109482460899354,0.06985281942605973,0.16881071432495118,2019.0,46757980.0,8959.802,173.5609
Sri Lanka,LKA,Asia,2021-07-20,sri lanka,287973.0,3870.0,13448.356,180.729,21413250.0,11669.077,34.1,76.98,3.6,0.782,27.44,7.93,69.74314285714286,1.9748571428571426,4.392600011444092,0.9370540288772581,0.6912521664390564,1.141171277404786,0.5323286509857178,0.06841679323768615,0.3839847123260498,2019.0,21428970.0,1344.8355999999999,18.0729
Sudan,SDN,Africa,2021-07-20,sudan,37138.0,2776.0,846.947,63.308,43849269.0,4466.507,19.7,65.31,0.8,0.51,1.43,0.42,1.084857142857143,0.052142857142857144,4.24174998474121,0.60406917304039,0.3173227059531213,1.0718321424293524,0.0329514638198167,0.1047093799984455,0.1719268626606465,2018.0,44019263.0,84.6947,6.3308
Suriname,SUR,South America,2021-07-20,suriname,24435.0,620.0,41652.887,1056.877,586634.0,13767.119,29.6,71.68,3.1,0.738,30.92,8.31,204.8002857142857,6.331571428571428,6.269,1.0461,0.558765,0.8753299999999999,0.559455,0.131625,0.16827999999999999,2016.0,587541.0,4165.2887,105.68769999999999
Sweden,SWE,Europe,2021-07-20,sweden,1095279.0,14650.0,108451.304,1450.6,10099270.0,46949.283,41.0,82.8,2.22,0.945,59.85,37.83,29.280714285714286,0.07071428571428572,7.319199983978272,1.403981453804016,0.8989910316619873,1.368574433891296,0.6175808197937013,0.397501745721817,0.336511850435257,2019.0,10110233.0,10845.1304,145.06
Switzerland,CHE,Europe,2021-07-20,switzerland,710243.0,10903.0,82065.205,1259.79,8654618.0,57410.166,43.1,83.78,4.53,0.955,52.49,44.54,65.94328571428572,0.04957142857142855,7.511399991607666,1.472163910644532,0.9283182578964233,1.417332349014282,0.6206421153335573,0.3797634570713044,0.2774318556518554,2019.0,8665615.0,8206.5205,125.979
Syria,SYR,Asia,2021-07-20,syria,25845.0,1905.0,1476.802,108.853,17500657.0,,21.7,72.7,1.5,0.567,0.7,0.05,0.3592857142857143,0.04071428571428572,3.292199978637696,0.6991086268692015,0.5662806684722901,0.35593052145004284,0.08169988892507554,0.1595474261074066,0.4312847456474304,2019.0,17571053.0,147.68019999999999,10.885299999999999
Taiwan,TWN,Asia,2021-07-20,taiwan,15453.0,773.0,648.828,32.456,23816775.0,,42.2,80.46,,,23.18,0.65,0.9059999999999999,0.156,6.391,1.3553175,0.8604875,1.2171025,0.3725425,0.0806475,0.2254275,2019.0,23824369.0,64.8828,3.2456000000000005
Tajikistan,TJK,Asia,2021-07-20,tajikistan,14228.0,114.0,1491.773,11.953,9537642.0,2896.913,23.3,71.1,4.8,0.668,3.96,0.21,4.748142857142858,0.105,5.097799977874756,0.4741067270889282,0.5900430249176025,1.02942265499115,0.41176134137916565,0.12203742924880978,0.2311435287179946,2019.0,9573310.0,149.1773,1.1953
Tanzania,TZA,Africa,2021-07-20,tanzania,509.0,21.0,8.521,0.352,59734213.0,2683.304,17.7,65.46,0.7,0.529,,,0.0,0.0,3.4659999954223637,0.43977717523574816,0.3967318568992614,0.939379960662842,0.3868795555362702,0.08369902135562896,0.3117492723445892,2019.0,60012400.0,0.8521000000000001,0.035199999999999995
Thailand,THA,Asia,2021-07-20,thailand,426475.0,3502.0,6109.959,50.172,69799978.0,16277.671,40.1,77.15,2.1,0.777,16.18,5.03,148.92142857142858,1.3404285714285713,6.28659995727539,1.050013754310608,0.7139778058815003,1.312320491134644,0.5652741463508606,0.029762547048330302,0.4916766220588684,2019.0,69830779.0,610.9959,5.0172
Timor,TLS,Asia,2021-07-20,timor,10174.0,26.0,7716.684,19.72,1318442.0,6570.102,18.0,69.5,5.9,0.606,18.05,3.29,29.03842857142857,0.10828571428571429,,,,,,,,,,771.6684,1.972
Togo,TGO,Africa,2021-07-20,togo,14769.0,140.0,1783.968,16.911,8278737.0,1429.813,19.4,61.04,0.7,0.515,3.68,1.81,7.747857142857143,0.10357142857142856,3.5441999771118162,0.26587094348144535,0.288529113729477,0.3235665060901642,0.36374722772789003,0.10096900305604935,0.17477523014163981,2019.0,8310934.0,178.3968,1.6911
Tonga,TON,Oceania,2021-07-20,tonga,,,,,105697.0,5425.621,22.3,70.91,2.6,0.725,27.18,6.53,,,,,,,,,,,105901.0,,
Trinidad and Tobago,TTO,North America,2021-07-20,trinidad and tobago,36354.0,1000.0,25976.587,714.546,1399491.0,28763.071,36.2,73.51,3.0,0.796,18.79,12.5,133.518,4.899571428571429,6.168000073750814,1.2996353002548233,0.553631097208659,1.1831528398132332,0.5206669143422443,0.010924938702781967,0.3210288205273947,2017.0,1400283.0,2597.6587,71.4546
Tunisia,TUN,Africa,2021-07-20,tunisia,554911.0,17821.0,46952.275,1507.875,11818618.0,10849.297,32.7,76.7,2.3,0.74,13.5,6.98,538.0735714285714,14.142428571428573,4.728399965667724,0.9373271612396239,0.6903824098014832,0.7620582919006348,0.2451781379146576,0.07000062976455687,0.050472671439886097,2019.0,11839918.0,4695.2275,150.7875
Turkey,TUR,Asia,2021-07-20,turkey,5546166.0,50650.0,65760.343,600.552,84339067.0,25129.341,31.6,77.69,2.81,0.82,46.3,25.16,89.64171428571429,0.5521428571428572,5.4154,1.1510348748016361,0.7021011215019226,1.1802486353378299,0.2573561199264526,0.11912231597948073,0.08105860838413238,2019.0,84495243.0,6576.034299999999,60.0552
Turkmenistan,TKM,Asia,2021-04-04,turkmenistan,,,,,6031187.0,16389.023,26.9,68.19,7.4,0.715,0.53,0.16,,,5.582200005340576,1.047483352592468,0.5181292160835266,1.365799832267762,0.41589038580513,0.1834760680408478,0.21767699751091,2019.0,6046292.0,,
Turks and Caicos Islands,TCA,North America,2021-07-16,turks and caicos islands,,,,,38718.0,,,80.22,,,62.92,56.79,,,,,,,,,,,,,
Tuvalu,TUV,Oceania,2021-06-15,tuvalu,,,,,11792.0,3575.104,,67.57,,,40.47,,,,,,,,,,,,11817.0,,
Uganda,UGA,Africa,2021-07-20,uganda,90910.0,2412.0,1987.495,52.732,45741000.0,1697.707,16.4,63.37,0.5,0.544,2.41,0.01,8.482571428571427,0.7747142857142857,4.020199970245362,0.318728143064499,0.2864985213251114,1.066325547561646,0.4285971910572052,0.0630319437675476,0.27968921135520936,2019.0,45974931.0,198.74949999999998,5.2732
Ukraine,UKR,Europe,2021-07-20,ukraine,2319886.0,55221.0,53045.657,1262.663,43733759.0,7894.393,41.4,72.06,8.8,0.779,6.35,3.43,23.597571428571428,0.6237142857142858,4.307200038909912,0.835918389881134,0.636816790424347,1.28288951361847,0.1687589551463128,0.01838589416325092,0.20008829262351976,2019.0,43686577.0,5304.5657,126.2663
United Arab Emirates,ARE,Asia,2021-07-20,united arab emirates,664027.0,1904.0,67138.538,192.51,9890400.0,67293.483,34.0,77.97,1.2,0.89,77.7,68.4,155.172,0.40428571428571425,6.744199952697754,1.64522667389679,0.7521956472740173,1.069860046318054,0.5388130540313719,0.31198239092588426,0.2678263893013,2019.0,9910892.0,6713.8538,19.250999999999998
United Kingdom,GBR,Europe,2021-07-20,united kingdom,5542635.0,129109.0,81646.211,1901.85,67886004.0,39753.244,40.8,81.32,2.54,0.932,68.28,53.39,698.9932857142857,0.7618571428571429,6.910000045013428,1.337566787948608,0.8817351877861022,1.367932016029358,0.5037600071640014,0.24401761325073243,0.4246908317432404,2019.0,67948282.0,8164.621099999999,190.185
United States,USA,North America,2021-07-20,united states,34174774.0,609529.0,103246.226,1841.463,331002647.0,54225.446,38.3,78.86,2.77,0.926,55.76,48.33,111.94957142857142,0.7417142857142858,6.998800006103517,1.4559458568038939,0.8216153255538939,1.3285701127395622,0.5068821046676636,0.1408437576684952,0.35507975613021864,2019.0,331341050.0,10324.622599999999,184.1463
Uruguay,URY,South America,2021-07-20,uruguay,379376.0,5896.0,109212.958,1697.312,3473727.0,20551.409,35.6,77.91,2.8,0.817,71.47,60.04,85.49871428571429,1.9328571428571428,6.4311999992370605,1.135557939048768,0.7829293647155762,1.315311573806762,0.574978450870514,0.1885163745441436,0.1690113858146668,2019.0,3475842.0,10921.2958,169.7312
Uzbekistan,UZB,Asia,2021-07-20,uzbekistan,120631.0,805.0,3604.239,24.052,33469199.0,6253.104,28.2,71.72,4.0,0.72,10.96,3.06,15.848285714285714,0.11557142857142856,6.0462000389099115,0.7237582175445556,0.5917245255184174,1.434099829917908,0.6559877325897217,0.2674236446313858,0.3275227294216156,2019.0,33551824.0,360.4239,2.4052
Vanuatu,VUT,Oceania,2021-07-20,vanuatu,4.0,1.0,13.023,3.256,307150.0,2921.909,23.1,70.47,,0.609,6.29,,0.0,0.0,,,,,,,,,308337.0,1.3023,0.3256
Vatican,VAT,Europe,2021-07-20,vatican,27.0,,33374.536,,809.0,,,75.12,,,,,0.0,,,,,,,,,,,3337.4536,
Venezuela,VEN,South America,2021-07-20,venezuela,293866.0,3392.0,10334.315,119.286,28435943.0,16745.022,29.0,72.06,0.8,0.711,10.2,3.87,34.54385714285714,0.387,5.5314,1.052468240196228,0.6837408454055787,1.323263518997192,0.213709424648285,0.07144422459220887,0.05718592597913742,2019.0,28421581.0,1033.4315000000001,11.9286
Vietnam,VNM,Asia,2021-07-20,vietnam,65607.0,334.0,674.008,3.431,97338583.0,6171.884,32.6,75.4,2.6,0.704,4.13,0.33,44.31957142857143,0.2965714285714286,5.154599976348876,0.723415515094757,0.7226997978363038,1.138384266220092,0.577207118221283,0.09192064744853974,0.19566361026287077,2019.0,97490013.0,67.4008,0.3431
Wallis and Futuna,WLF,Oceania,2021-07-20,wallis and futuna,,,,,11246.0,,,79.94,,,41.16,40.27,,,,,,,,,,,,,
Yemen,YEM,Asia,2021-07-20,yemen,6992.0,1371.0,234.427,45.967,29825968.0,1479.147,20.3,66.12,0.7,0.47,0.97,0.03,0.14871428571428572,0.024,3.6257999870300304,0.4893126894721984,0.3654401831378936,0.8654484493942259,0.244174744421959,0.06704548454117773,0.09692904183053981,2019.0,29935468.0,23.4427,4.5967
Zambia,ZMB,Africa,2021-07-20,zambia,187602.0,3138.0,10204.659,170.692,18383956.0,3689.251,17.7,63.89,2.0,0.584,1.26,0.37,68.80228571428572,1.8184285714285713,4.584399987792968,0.5717613558578492,0.3027611789646148,0.932381459754944,0.46209869849967955,0.09733671003007888,0.2184300289764404,2019.0,18468257.0,1020.4658999999999,17.069200000000002
Zimbabwe,ZWE,Africa,2021-07-20,zimbabwe,88415.0,2747.0,5948.694,184.822,14862927.0,1899.775,19.6,61.49,1.7,0.571,7.97,4.33,145.5585714285714,4.546285714285714,4.006600000000001,0.3440513069934844,0.2744027507781982,1.007727181632996,0.3232568414020538,0.08999707628202439,0.16940869875431058,2019.0,14899771.0,594.8694,18.4822
