,happiness_score,happiness_gdp_component,happiness_health_component,happiness_social_support,happiness_freedom,happiness_corruption_trust,happiness_generosity,total_cases_per_million_latest,total_deaths_per_million_latest,cases_per_100k_latest,deaths_per_100k_latest,gdp_per_capita_latest,human_development_index_latest
happiness_score,1.0,0.8148121923584825,0.782299294206927,0.7620391784738415,0.5935013746534491,0.41870167911155703,0.15430884133933773,0.5215382314595416,0.36410624725671487,0.5215382314595425,0.3641062472567145,0.725081817461609,0.8374664943434685
happiness_gdp_component,0.8148121923584825,1.0,0.8363920860292176,0.7030959314365877,0.3770613058477697,0.32091695967956896,-0.015473949265192062,0.6093003192842295,0.40294880657191673,0.6093003192842301,0.4029488065719169,0.8465865844312433,0.9417058924918813
happiness_health_component,0.782299294206927,0.8363920860292176,1.0,0.6393222967741725,0.3749660203289181,0.27920912762219185,0.066688836421744,0.5791862242977381,0.44823151654788923,0.5791862242977378,0.4482315165478889,0.6835338327906434,0.9150919098506103
happiness_social_support,0.7620391784738415,0.7030959314365877,0.6393222967741725,1.0,0.42744360856542896,0.1896829697343068,0.05062339959916534,0.4711494601277213,0.36525837205800304,0.4711494601277215,0.36525837205800304,0.5415003682059536,0.7214514714521042
happiness_freedom,0.5935013746534491,0.3770613058477697,0.3749660203289181,0.42744360856542896,1.0,0.4948960593621054,0.3379759257426443,0.16075481843330153,0.017968396195642736,0.16075481843330144,0.017968396195642715,0.4360404487086547,0.43004722099803866
happiness_corruption_trust,0.41870167911155703,0.32091695967956896,0.27920912762219185,0.1896829697343068,0.4948960593621054,1.0,0.3101873097692123,0.03402684694557758,-0.19104021505121843,0.034026846945577595,-0.1910402150512183,0.5815879170385356,0.3138831039080884
happiness_generosity,0.15430884133933773,-0.015473949265192062,0.066688836421744,0.05062339959916534,0.3379759257426443,0.3101873097692123,1.0,-0.17790553984940058,-0.2714877069867524,-0.17790553984940058,-0.27148770698675256,0.16997610996031226,0.018669640493661818
total_cases_per_million_latest,0.5215382314595416,0.6093003192842295,0.5791862242977381,0.4711494601277213,0.16075481843330153,0.03402684694557758,-0.17790553984940058,1.0,0.7010128400081028,0.9999999999999998,0.701012840008103,0.46559031237925347,0.6164773823023139
total_deaths_per_million_latest,0.36410624725671487,0.40294880657191673,0.44823151654788923,0.36525837205800304,0.017968396195642736,-0.19104021505121843,-0.2714877069867524,0.7010128400081028,1.0,0.701012840008103,0.9999999999999999,0.2176692685278349,0.48700849433663274
cases_per_100k_latest,0.5215382314595425,0.6093003192842301,0.5791862242977378,0.4711494601277215,0.16075481843330144,0.034026846945577595,-0.17790553984940058,0.9999999999999998,0.701012840008103,1.0,0.7010128400081025,0.46559031237925347,0.616477382302314
deaths_per_100k_latest,0.3641062472567145,0.4029488065719169,0.4482315165478889,0.36525837205800304,0.017968396195642715,-0.1910402150512183,-0.27148770698675256,0.701012840008103,0.9999999999999999,0.7010128400081025,1.0,0.21766926852783502,0.48700849433663296
gdp_per_capita_latest,0.725081817461609,0.8465865844312433,0.6835338327906434,0.5415003682059536,0.4360404487086547,0.5815879170385356,0.16997610996031226,0.46559031237925347,0.2176692685278349,0.46559031237925347,0.21766926852783502,1.0,0.755273093239454
human_development_index_latest,0.8374664943434685,0.9417058924918813,0.9150919098506103,0.7214514714521042,0.43004722099803866,0.3138831039080884,0.018669640493661818,0.6164773823023139,0.48700849433663274,0.616477382302314,0.48700849433663296,0.755273093239454,1.0
